{"accuracy": 0.86, "auc": 0.8, "confusion_matrix": [[22, 16], [1, 84]], "roc_curve": {"fpr": [0.0, 0.0, 0.0, 0.05263157894736842, 0.05263157894736842, 0.07894736842105263, 0.07894736842105263, 0.10526315789473684, 0.10526315789473684, 0.13157894736842105, 0.13157894736842105, 0.15789473684210525, 0.15789473684210525, 0.21052631578947367, 0.21052631578947367, 0.23684210526315788, 0.23684210526315788, 0.2631578947368421, 0.2631578947368421, 0.2894736842105263, 0.2894736842105263, 0.3157894736842105, 0.3157894736842105, 0.34210526315789475, 0.34210526315789475, 0.3684210526315789, 0.3684210526315789, 0.39473684210526316, 0.39473684210526316, 0.42105263157894735, 0.42105263157894735, 0.9210526315789473, 0.9210526315789473, 1.0], "tpr": [0.0, 0.011764705882352941, 0.09411764705882353, 0.09411764705882353, 0.12941176470588237, 0.12941176470588237, 0.18823529411764706, 0.18823529411764706, 0.38823529411764707, 0.38823529411764707, 0.4235294117647059, 0.4235294117647059, 0.5411764705882353, 0.5411764705882353, 0.6235294117647059, 0.6235294117647059, 0.6588235294117647, 0.6588235294117647, 0.6941176470588235, 0.6941176470588235, 0.7294117647058823, 0.7294117647058823, 0.8, 0.8, 0.8588235294117647, 0.8588235294117647, 0.8941176470588236, 0.8941176470588236, 0.9411764705882353, 0.9411764705882353, 0.9882352941176471, 0.9882352941176471, 1.0, 1.0]}}